a1@[-1, 1, -1, -1, -1, 1, 0, -1, -1, -1, 1, 0, 1, 1, 1, 1, 1, -1, 0, 1, 0, -1, 1, -1, 0]@[0, 0, 0, 0, 0, 0, 0, 0, 0, 0, -1, 0, 0, 0, 0, 0, 0, 0, 0, 0, 0, 0, 0, 0, 0]
a2@[1, 1, 1, -1, 1, -1, -1, -1, -1, 1, 1, -1, -1, -1, -1, 1, -1, 1, -1, 1, -1, 1, 1, 1, -1]@[0, -1, 0, 1, 0, 0, 0, 1, 1, 0, 0, 0, 0, 0, 0, -1, 0, 0, 0, -1, 0, 0, -1, 0, 1]
a3@[1, -1, 1, 1, 1, -1, -1, 1, 1, 1, 1, -1, -1, -1, -1, -1, -1, 1, -1, -1, -1, 1, -1, 1, -1]@[0, 0, 0, 0, 0, 0, 0, 0, -1, 0, 0, 0, 0, 0, 1, 0, 0, 0, 0, 0, 0, 0, 0, 0, 1]
a4@[0, 0, 0, 0, 0, 0, 0, 0, 0, 0, 0, 0, 0, 0, -1, 0, 0, 0, 0, 0, 0, 0, 0, 0, 0]@[0, 0, 0, 0, 0, 0, 0, 0, 0, 0, 0, 0, 0, 0, 1, 0, 0, 0, 0, 0, 0, 0, 0, 0, 0]
a5@[-1, -1, 1, -1, -1, 1, -1, -1, 1, 1, -1, -1, 1, 1, -1, 1, 1, -1, -1, 1, -1, 1, 1, -1, -1]@[1, 1, 0, 0, 1, -1, 0, 0, -1, 0, 1, 0, 0, -1, 1, 0, 0, 1, 0, 0, 0, 0, 0, 1, 0]
a6@[-1, -1, 1, 1, -1, 1, -1, 1, 1, 1, -1, -1, 1, -1, -1, -1, -1, -1, -1, -1, -1, 1, 1, -1, -1]@[0, 0, 0, 0, 1, -1, 0, 0, 0, 0, 0, 0, 0, 0, 0, 1, 0, 1, 0, 0, 0, 0, 0, 1, 0]
a7@[1, -1, 1, 1, 1, -1, -1, 1, 1, 1, -1, -1, -1, -1, -1, 1, -1, 1, -1, -1, -1, 1, 1, 1, -1]@[0, 0, 0, 0, 0, 0, 0, 0, -1, 0, 1, 0, 0, 0, 1, -1, 0, 0, 0, 0, 0, 0, -1, 0, 0]
a8@[1, -1, 1, 1, 1, -1, -1, 1, 1, 1, -1, -1, 0, -1, -1, 1, -1, 1, -1, -1, -1, 1, 1, 1, -1]@[0, 0, 0, 0, 0, 0, 0, 0, -1, 0, 1, 0, 0, 0, 1, 0, 0, 0, 0, 0, 0, 0, -1, 0, 0]
a9@[1, -1, 1, 1, 1, -1, -1, 1, 1, 1, 1, -1, 0, -1, -1, -1, -1, 1, -1, -1, -1, 1, -1, 1, -1]@[0, 1, 0, -1, 0, 0, 0, -1, -1, 0, 0, 0, 0, 0, 0, 1, 0, 0, 0, 1, 0, 0, 1, 0, 0]
a10@[1, 1, 1, 1, 1, -1, 1, -1, -1, -1, 1, 1, -1, -1, 1, 1, -1, 1, 1, -1, 1, -1, -1, 1, 1]@[0, -1, -1, 0, 0, 0, 0, 1, 1, 1, 0, 0, 0, 1, 0, -1, 0, 0, -1, 0, -1, 1, 0, 0, 0]
a11@[1, 1, -1, -1, -1, 1, 1, -1, -1, -1, 1, 1, 1, 1, 1, 1, 1, 1, 1, 1, 1, -1, 1, -1, 1]@[0, 0, 0, 0, 0, 0, 0, 0, 0, 0, 0, 0, 0, 0, 0, 0, 0, -1, 0, 0, 0, 0, 0, 0, -1]
a12@[1, 1, 1, -1, 1, 0, 0, -1, -1, 0, 1, 0, -1, -1, 1, 1, 1, 1, 0, 1, 0, 1, 1, 1, -1]@[0, 0, 0, 0, 0, 0, 0, 0, 0, 0, 0, 0, 0, 0, 0, 0, -1, 0, 0, 0, 0, 0, 0, 0, 1]
a13@[-1, -1, 1, 1, -1, -1, -1, 1, 1, 1, -1, -1, 1, -1, -1, -1, -1, -1, -1, -1, -1, 1, -1, 1, -1]@[0, 0, 0, -1, 0, 1, 0, -1, 0, 0, 0, 0, 0, 0, 0, 1, 1, 1, 0, 1, 0, 0, 1, 0, 0]
a14@[1, -1, 1, 1, 1, -1, -1, 1, 1, 1, 1, -1, -1, -1, 1, -1, -1, 1, -1, -1, -1, 1, -1, 1, 1]@[0, 1, -1, -1, 0, 0, 1, 0, -1, -1, 0, 1, 0, 1, 0, 1, 0, 0, 1, 1, 1, -1, 1, 0, 0]
a15@[1, 1, 1, -1, 1, 1, -1, -1, -1, 1, 1, -1, 1, -1, 1, 1, -1, 1, -1, 1, -1, 1, 1, 1, -1]@[-1, -1, 0, 1, 0, -1, 0, 1, 1, 0, -1, 0, 0, 0, -1, -1, 0, 0, 0, -1, 0, 0, -1, 0, 0]
a16@[1, -1, 1, 1, 1, -1, -1, 1, -1, 1, 1, -1, -1, -1, 1, -1, -1, 1, -1, -1, -1, 1, -1, 1, -1]@[0, 0, 0, 0, 0, 0, 0, 0, 1, 0, -1, 0, 0, 0, -1, 1, 0, 0, 0, 0, 0, 0, 1, 0, 0]
a17@[0, 1, -1, -1, -1, 1, 1, -1, -1, -1, 0, 1, 1, 1, 1, 1, 1, -1, 1, 1, 1, -1, 1, -1, 1]@[0, 0, 0, 0, 0, 0, 0, 0, 0, 0, 0, 0, 0, 0, 0, 0, 0, 0, 0, 0, 0, 0, 0, 0, -1]
a18@[1, 1, 1, -1, 1, 1, -1, -1, -1, 1, 1, -1, 1, 1, 1, 1, 1, 1, -1, 1, -1, 1, 1, 1, -1]@[-1, 0, 0, 0, -1, 0, 0, 0, 0, -1, -1, 0, 0, 0, -1, 0, 0, -1, 0, 0, 0, 0, 0, -1, 0]
a19@[1, 1, -1, 1, 1, -1, 1, 1, -1, -1, 1, 1, -1, 1, 1, 1, -1, 1, 1, -1, 1, -1, -1, 1, 1]@[0, 0, 1, 0, 0, 0, 0, -1, 0, 0, 0, 0, 0, 0, 0, 0, 0, 0, 0, 1, 0, 0, 0, 0, 0]
a20@[1, 1, -1, -1, -1, 1, 1, -1, -1, -1, 1, 1, 1, 1, 1, 1, 1, -1, 1, 1, 1, -1, 1, -1, 1]@[-1, 0, 0, 0, 0, 0, -1, 0, 0, 0, -1, 0, 0, 0, 0, 0, 0, 0, 0, 0, 0, 0, 0, 0, -1]
a21@[1, 1, 1, -1, 1, 1, 1, -1, -1, -1, 1, 1, -1, -1, -1, 1, -1, 1, 1, 1, 1, 1, 1, 1, 1]@[0, 0, 0, 0, 0, 0, 0, 0, 0, 0, 0, 0, 0, 0, 1, 0, 1, 0, 0, 0, 0, 0, 0, 0, -1]
a22@[1, 1, 1, -1, 1, 1, -1, -1, -1, -1, 1, -1, 1, -1, 1, 1, 1, 1, 1, 1, 1, 1, 1, 1, -1]@[-1, 0, -1, 0, -1, 0, 0, 0, 0, 0, -1, 0, 0, 1, -1, 0, 0, -1, 0, 0, 0, 0, 0, -1, 0]
a23@[-1, 0, 1, -1, -1, 1, -1, -1, 0, -1, -1, -1, 1, 1, -1, 1, 1, -1, -1, 1, -1, 1, 1, -1, -1]@[0, 0, 0, 0, 0, 0, 0, 0, 0, 1, 0, 0, 0, -1, 0, 0, 0, 1, 0, 0, 0, 0, 0, 1, 0]
a24@[-1, -1, 1, -1, -1, 1, -1, -1, 1, 1, -1, -1, 1, -1, -1, 1, 1, -1, -1, 1, -1, 1, 1, -1, -1]@[0, 0, 0, 1, 1, -1, 0, 1, 0, 0, 0, 0, 0, 0, 0, -1, -1, 0, 0, -1, 0, 0, -1, 1, 0]
a25@[1, 1, -1, 0, 1, -1, 1, -1, -1, -1, 1, 1, -1, 1, 1, 1, -1, 1, 1, 1, 1, -1, 0, 1, 1]@[0, 0, 0, 0, 0, 0, 0, 1, 0, 0, 0, 0, 0, 0, 0, 0, 0, 0, 0, -1, 0, 0, 0, 0, 0]
a26@[0, -1, 1, 1, 1, -1, -1, 1, 1, 1, -1, -1, 0, -1, -1, 1, -1, 1, -1, -1, -1, 1, 1, 1, -1]@[0, 0, 0, 0, 0, 0, 0, 0, 0, 0, 0, 0, 0, 0, 0, -1, 0, -1, 0, 0, 0, 0, -1, 0, 0]
a27@[1, 1, 1, -1, 1, -1, -1, -1, -1, 1, 1, -1, 0, -1, 1, 1, -1, 1, -1, 1, -1, 1, 1, 1, -1]@[0, -1, 0, 1, 0, 0, 0, 1, 1, 0, -1, 0, 0, 0, -1, -1, 0, 0, 0, -1, 0, 0, -1, 0, 0]
a28@[-1, 1, -1, -1, -1, 1, -1, -1, -1, -1, -1, -1, 1, 1, 1, 1, 1, -1, 1, 1, 1, -1, 1, -1, -1]@[1, 0, 0, 0, 0, 0, 1, 0, 0, 0, 1, 1, -1, 0, 0, 0, 0, 0, 0, 0, 0, 0, 0, 0, 1]
a29@[1, 1, 1, -1, 1, 1, -1, -1, -1, -1, 1, -1, 1, -1, -1, 1, 1, 1, 1, 1, 1, 1, 1, 1, -1]@[-1, 0, -1, 0, -1, 0, 0, 0, 0, 0, -1, 0, 0, 1, 0, 0, 0, -1, 0, 0, 0, -1, 0, -1, 0]
a30@[1, 1, -1, -1, -1, 0, 1, -1, -1, -1, 1, 1, -1, 1, 1, 1, 1, -1, 1, 1, 1, -1, 1, -1, 1]@[0, 0, 1, 0, 0, 0, 0, 0, 0, 0, 0, 0, 0, 0, 0, 0, 0, 0, 0, 0, 0, 0, 0, 0, 0]
a31@[1, -1, 1, 1, 1, -1, -1, 1, 1, 1, 1, -1, -1, -1, 1, -1, -1, 1, -1, -1, -1, 1, -1, 1, 1]@[0, 0, 0, 0, 0, 0, 0, 0, -1, 0, 0, 0, 0, 0, 0, 1, 0, 0, 0, 0, 0, 0, 0, 0, -1]
a32@[-1, -1, 1, 1, -1, 1, -1, 1, 1, 1, -1, -1, 1, -1, -1, -1, -1, -1, -1, -1, -1, 1, -1, -1, -1]@[0, 0, 0, 0, 0, -1, 0, 0, 0, 0, 0, 0, 0, 0, 0, 0, 0, 0, 0, 0, 0, 0, 0, 1, 0]
a33@[0, 0, 0, 0, 0, 0, 0, 0, 0, 0, 0, 0, 0, 0, 0, 0, 0, 1, 0, 0, 0, 0, 0, 0, 0]@[0, 0, 0, 0, 0, 0, 0, 0, 0, 0, 0, 0, 0, 0, 0, 0, 0, -1, 0, 0, 0, 0, 0, 0, 0]
a34@[-1, 1, -1, -1, -1, 1, 1, -1, -1, -1, 1, 1, 1, 1, 1, 1, 1, -1, 1, 1, 1, -1, 1, -1, 1]@[0, 0, 0, 0, 0, 0, 0, 0, 0, 0, -1, 0, 0, 0, 0, 0, 0, 0, 0, 0, 0, 0, 0, 0, -1]
a35@[1, 1, -1, -1, 1, 0, 1, -1, -1, -1, 1, 1, -1, 1, 1, 1, -1, 1, 1, 1, 1, -1, 1, 1, 1]@[0, 0, 1, 0, 0, 0, 0, 0, 0, 0, 0, 0, 0, -1, 0, 0, 1, 0, 0, 0, 0, 0, 0, 0, 0]
a36@[1, 1, 1, -1, 1, 1, -1, -1, -1, -1, 1, -1, 1, -1, 1, 1, -1, 1, 1, 1, 1, 1, 1, 1, -1]@[0, 0, 0, 0, 0, 0, 0, 0, 0, 0, 0, 0, 0, 1, 0, 0, 1, 0, 0, 0, 0, 0, 0, 0, 0]
a37@[-1, 1, -1, -1, -1, 1, 1, -1, -1, -1, 1, 1, 1, 1, 1, 1, 1, -1, 1, 1, 1, -1, 1, -1, 1]@[0, 0, 0, 0, 0, 0, -1, 0, 0, 0, 0, 0, 0, 0, 0, 0, 0, 0, 0, 0, 0, 0, 0, 0, -1]
a38@[-1, -1, 1, 1, -1, -1, -1, 1, 1, 1, -1, -1, 1, -1, -1, -1, -1, -1, -1, -1, -1, 1, -1, 1, -1]@[0, 0, 0, 0, 0, 1, 0, 0, 0, 0, 0, 0, 0, 0, 0, 0, 0, 0, 0, 0, 0, 0, 0, -1, 0]
a39@[1, 1, 1, -1, 1, 1, 1, -1, -1, -1, 1, 1, -1, -1, 1, 1, 1, 1, 1, 1, 1, 1, 1, 1, -1]@[0, 0, -1, 0, 0, 0, 0, 0, 0, 0, 0, 0, 0, 1, 0, 0, -1, 0, 0, 0, 0, -1, 0, 0, 1]
a40@[-1, 1, 1, -1, -1, 1, -1, -1, -1, 1, -1, -1, 1, -1, -1, 1, 1, 1, -1, 1, -1, 1, 1, 1, -1]@[0, 0, -1, 0, 0, 0, 0, 0, 0, -1, 1, 0, 0, 1, 1, 0, 0, -1, 0, 0, 0, -1, 0, -1, 0]
a41@[-1, -1, 1, 1, -1, 1, -1, 1, 1, 1, -1, -1, 1, -1, -1, -1, -1, -1, -1, -1, -1, 1, 1, -1, -1]@[0, 0, 0, 0, 0, -1, 0, 0, 0, 0, 0, 0, 0, 0, 0, 0, 0, 0, 0, 0, 0, 0, -1, 1, 0]
a42@[0, -1, 1, 1, 1, -1, -1, 1, 1, 1, -1, -1, 0, -1, -1, -1, -1, 1, -1, -1, -1, 1, -1, 1, -1]@[0, 0, 0, 0, 0, 0, 0, 0, 0, 0, 0, 0, 0, 0, 0, 1, 0, 0, 0, 0, 0, 0, 1, 0, 0]
a43@[1, -1, -1, 1, 1, -1, 1, 1, 1, 1, 1, 1, -1, 1, 1, -1, -1, 1, 1, -1, -1, -1, -1, 1, 1]@[0, 0, 0, 0, 0, 0, 0, 0, 0, 0, 0, 0, 0, 0, 0, 0, 0, 0, 0, 0, 1, 0, 0, 0, 0]
a44@[1, 1, 1, -1, -1, 1, -1, -1, -1, -1, 1, -1, 1, -1, 1, 1, 1, 1, 1, 1, 1, 1, 1, 1, -1]@[0, 0, 0, 0, 1, 0, 0, 0, 0, 0, 0, 0, 0, 0, -1, 0, 0, 0, 0, 0, 0, 0, 0, 0, 0]
a45@[1, -1, 1, 1, 1, -1, -1, 1, -1, 1, 1, -1, -1, -1, 1, 1, -1, 1, -1, -1, -1, 1, -1, 1, 1]@[0, 0, 0, 0, 0, 0, 0, 0, 1, 0, 0, 0, 0, 0, -1, -1, 0, 0, 0, 0, 0, 0, 0, 0, -1]
a46@[-1, -1, 1, -1, -1, 1, -1, -1, 1, 1, -1, -1, 1, -1, -1, 1, 1, 1, -1, 1, -1, 1, 1, 1, -1]@[0, 0, 0, 1, 0, -1, 0, 1, 0, 0, 0, 0, 0, 0, 0, -1, -1, -1, 0, -1, 0, 0, -1, 0, 0]
a47@[-1, 1, -1, -1, -1, 1, -1, -1, -1, -1, -1, 1, 1, 1, -1, 1, 1, -1, 1, 1, 1, -1, 1, -1, -1]@[1, 0, 1, 0, 1, 0, 1, 0, 0, 0, 1, 0, -1, -1, 0, 0, -1, 1, 0, 0, 0, 1, 0, 1, 1]
a48@[1, -1, 1, 1, 1, -1, -1, 1, 1, 1, 1, -1, 1, -1, 1, -1, -1, 1, -1, -1, -1, 1, -1, 1, -1]@[0, 1, -1, -1, 0, 1, 1, 0, -1, -1, 0, 1, -1, 1, 0, 1, 0, 0, 1, 1, 1, -1, 1, 0, 1]
a49@[-1, -1, 1, 1, -1, 1, -1, 1, 1, 1, -1, -1, 1, -1, -1, -1, -1, -1, -1, -1, -1, 1, 1, -1, -1]@[0, 0, 0, 0, 0, 0, 0, 0, 0, 0, 0, 0, 0, 0, 0, 0, 0, 0, 0, 0, 0, 0, -1, 0, 0]
a50@[1, 1, -1, -1, 1, 1, 1, 1, -1, -1, 1, 1, -1, 1, 1, 1, -1, 1, 1, 1, 1, -1, 1, 1, 1]@[0, -1, 0, 1, 0, -1, -1, 0, 1, 1, 0, -1, 1, -1, 0, -1, 0, 0, -1, -1, -1, 1, -1, 0, -1]
a51@[1, 1, 1, -1, 1, -1, 1, -1, -1, -1, 1, 1, -1, -1, 1, 1, -1, 1, 1, 1, 1, -1, 1, 1, 1]@[0, 0, -1, 0, 0, 0, 0, 1, 0, 0, 0, 0, 0, 1, 0, 0, 0, 0, 0, 0, 0, 0, -1, 0, 0]
a52@[1, -1, 1, 1, 1, -1, -1, 1, 1, 1, 1, -1, -1, -1, -1, -1, -1, 1, -1, -1, -1, 1, -1, 1, 1]@[0, 1, 0, -1, 0, 0, 0, -1, -1, 0, 0, 0, 0, 0, 0, 1, 0, 0, 0, 1, 0, 0, 1, 0, -1]
a53@[1, 1, 1, -1, 1, 0, 0, -1, -1, 0, 1, 0, 0, -1, 1, 1, 1, 1, 0, 1, 0, 1, 1, 1, 0]@[0, 0, 0, 0, 0, 0, 0, 0, 0, 0, 0, 0, 0, 0, 0, 0, -1, 0, 0, 0, 0, 0, 0, 0, 0]
a54@[0, 0, 0, 0, 0, 0, 0, 0, 0, 0, 0, 0, 0, 0, 1, 0, 0, 0, 0, 0, 0, 0, 0, 0, 0]@[0, 0, 0, 0, 0, 0, 0, 0, 0, 0, 0, 0, 0, 0, -1, 0, 0, 0, 0, 0, 0, 0, 0, 0, 0]
a55@[-1, 1, 1, -1, -1, 1, -1, -1, -1, -1, -1, -1, 1, 1, -1, 1, 1, -1, 1, 1, 1, 1, 1, -1, -1]@[1, 0, 0, 0, 1, 0, 0, 0, 0, 0, 1, 0, 0, -1, 1, 0, 0, 1, 0, 0, 0, 0, 0, 1, 0]
a56@[1, 1, 1, -1, -1, 1, -1, -1, -1, -1, 1, -1, 1, -1, 1, 1, 1, 1, 1, 1, 1, 1, 1, 1, -1]@[-1, 0, 0, 0, 0, 0, 0, 0, 0, 0, -1, 0, 0, 1, -1, 0, 0, -1, 0, 0, 0, 0, 0, -1, 0]
a57@[1, 1, 1, -1, 1, 1, -1, -1, -1, -1, 1, -1, 1, -1, 1, 1, 1, 1, 1, 1, 1, 1, 1, 1, -1]@[-1, 0, 0, 0, -1, 0, 0, 0, 0, 0, -1, 0, 0, 1, -1, 0, 0, -1, 0, 0, 0, 0, 0, -1, 0]
a58@[1, 1, -1, 0, 1, -1, 1, 1, -1, -1, 1, 1, -1, 1, 1, 1, -1, 1, 1, -1, 1, -1, 0, 1, 1]@[0, 0, 0, 0, 0, 0, 0, -1, 0, 0, 0, 0, 0, 0, 0, 0, 0, 0, 0, 1, 0, 0, 0, 0, 0]
a59@[1, -1, 1, 1, 1, -1, -1, 1, -1, 1, 1, -1, 0, -1, 1, 1, -1, 1, -1, -1, -1, 1, -1, 1, -1]@[0, 0, 0, 0, 0, 0, 0, 0, 1, 0, -1, 0, 0, 0, -1, 0, 0, 0, 0, 0, 0, 0, 1, 0, 0]
a60@[1, 1, -1, -1, 1, 0, 1, -1, -1, -1, 1, 1, -1, 1, 1, 1, 1, 1, 1, 1, 1, -1, 1, -1, 1]@[0, 0, 1, 0, 0, 0, 0, 0, 0, 0, 0, 0, 0, -1, 0, 0, -1, 0, 0, 0, 0, 1, 0, 1, 0]
a61@[1, 1, 1, -1, -1, 0, 1, -1, -1, -1, 1, 1, -1, 1, 1, 1, 1, -1, 1, 1, 1, -1, 1, -1, 1]@[0, 0, -1, 0, 1, 0, 0, 0, 0, 0, 0, 0, 0, 0, 0, 0, 0, 1, 0, 0, 0, 0, 0, 0, 0]
a62@[1, 1, 1, -1, 1, 0, 1, -1, -1, -1, 1, 1, -1, -1, 1, 1, -1, 1, 1, 1, 1, -1, 1, 1, 1]@[0, 0, 0, 0, -1, 0, 0, 0, 0, 0, 0, 0, 0, 1, 0, 0, 1, -1, 0, 0, 0, 0, 0, -1, 0]
a63@[-1, 0, 1, -1, -1, 1, -1, -1, 0, 0, -1, -1, 1, -1, -1, 1, 1, -1, 0, 1, 0, 1, 1, -1, -1]@[0, 0, 0, 0, 0, 0, 0, 0, 0, 0, 0, 0, 0, 0, 0, 0, 0, 1, 0, 0, 0, 0, 0, 1, 0]
a64@[1, 1, -1, -1, -1, 1, 1, -1, -1, -1, 1, 1, -1, 1, 1, 1, 1, -1, 1, 1, 1, -1, 1, -1, 1]@[0, 0, 1, 0, 0, 0, 0, 0, 0, 0, 0, 0, 0, 0, 0, 0, 0, 1, 0, 0, 0, 0, 0, 0, 0]
a65@[1, 1, 1, 1, 1, -1, 1, 1, -1, -1, 1, 1, -1, -1, 1, 1, -1, 1, 1, 1, 1, -1, -1, 1, 1]@[0, -1, -1, 0, 0, 0, 0, 0, 1, 1, 0, 0, 0, 1, 0, -1, 0, 0, -1, -1, -1, 1, 0, 0, 0]
a66@[1, -1, 1, 1, 1, -1, 1, 1, 1, 1, 1, 1, -1, -1, -1, -1, -1, 1, -1, -1, -1, 1, -1, 1, 1]@[0, 1, 0, -1, 0, 0, 0, -1, -1, -1, 0, 0, 0, 0, 0, 1, 0, 0, 1, 1, 1, 0, 1, 0, 0]
a67@[0, 1, -1, -1, -1, 1, 1, -1, -1, -1, 0, 1, 1, 1, 1, 1, 1, -1, 1, 1, 1, -1, 1, -1, -1]@[0, 0, 0, 0, 0, 0, 0, 0, 0, 0, 0, 0, 0, 0, 0, 0, 0, 0, 0, 0, 0, 0, 0, 0, 1]
a68@[1, 1, 1, -1, 1, -1, -1, -1, -1, 1, 1, -1, 0, -1, -1, 1, -1, 1, -1, 1, -1, 1, 1, 1, -1]@[0, -1, 0, 1, 0, 0, 0, 1, 1, 0, 0, 0, 0, 0, 0, -1, 0, 0, 0, -1, 0, 0, -1, 0, 0]
a69@[-1, 0, 1, -1, -1, 1, -1, -1, 0, 0, -1, -1, 1, -1, -1, 1, 1, 1, 0, 1, 0, 1, 1, 1, -1]@[0, 0, 0, 0, 0, 0, 0, 0, 0, 0, 0, 0, 0, 0, 0, 0, 0, -1, 0, 0, 0, 0, 0, -1, 0]
a70@[-1, 1, -1, -1, -1, 1, -1, -1, -1, -1, 1, -1, 1, 1, 1, 1, 1, -1, 0, 1, 0, -1, 1, -1, -1]@[0, 0, 1, 0, 0, 0, 0, 0, 0, 0, -1, 0, 0, -1, -1, 0, 0, 1, 0, 0, 0, 1, 0, 1, 0]
a71@[1, 1, -1, 0, 1, 0, 1, 1, -1, -1, 1, 1, -1, 1, 1, 1, -1, 1, 1, 0, 1, -1, 0, 1, 1]@[0, 0, 1, 0, 0, 0, 0, -1, 0, 0, 0, 0, 0, -1, 0, 0, 0, 0, 0, 0, 0, 0, 0, 0, 0]
a72@[1, 1, 1, -1, 1, -1, -1, -1, -1, 1, 1, -1, 1, -1, 1, 1, 1, 1, -1, 1, -1, 1, 1, 1, -1]@[-1, -1, 0, 0, -1, 1, 0, 0, 1, 0, -1, 0, 0, 1, -1, 0, 0, -1, 0, 0, 0, 0, 0, -1, 0]
a73@[1, -1, 1, 1, 1, -1, -1, 1, 1, 1, 1, -1, -1, -1, 1, -1, -1, 1, -1, -1, -1, 1, -1, 1, -1]@[0, 1, -1, -1, 0, 0, 1, 0, -1, -1, 0, 1, 0, 1, 0, 1, 0, 0, 1, 1, 1, -1, 1, 0, 1]
a74@[1, -1, 1, 1, 1, -1, -1, 1, 1, 1, -1, -1, -1, -1, -1, -1, -1, -1, -1, -1, -1, 1, -1, 1, -1]@[-1, 1, 0, -1, -1, 1, 0, -1, -1, -1, 0, 0, 1, 0, 0, 1, 1, 0, 1, 1, 1, 0, 1, -1, 0]
a75@[1, 1, -1, 1, 1, -1, 1, -1, -1, -1, 1, 1, -1, 1, 1, 1, -1, 1, 1, 1, 1, -1, -1, 1, 1]@[0, 0, 1, -1, 0, 0, -1, 0, 0, 1, 0, -1, 0, -1, 0, 0, 1, 0, -1, 0, -1, 1, 1, 0, -1]
a76@[-1, 1, -1, -1, -1, 1, -1, -1, -1, -1, -1, -1, 1, 1, -1, 1, 1, -1, 1, 1, 1, -1, 1, -1, -1]@[1, 0, 1, 0, 1, 0, 0, 0, 0, 0, 1, 0, 0, -1, 0, 0, 0, 1, 0, 0, 0, 1, 0, 1, 0]
a77@[1, 1, 1, -1, 1, 0, 0, -1, -1, 0, 1, 0, 0, -1, 1, 1, 1, 1, 0, 1, 0, 1, 1, 1, 0]@[0, 0, 0, 0, 0, 0, 0, 0, 0, 0, 0, 0, 0, 0, -1, 0, -1, 0, 0, 0, 0, 0, 0, 0, 0]
a78@[1, 1, -1, -1, 1, 0, 1, -1, -1, -1, 1, 1, -1, 1, 1, 1, -1, 1, 1, 1, 1, -1, 0, 1, 1]@[0, 0, 0, 0, 0, 0, 0, 1, 0, 0, 0, 0, 0, 0, 0, 0, 0, 0, 0, 0, 0, 0, 0, 0, 0]
a79@[-1, 0, 1, -1, -1, 1, -1, -1, 0, 0, -1, -1, 1, 1, -1, 1, 1, -1, 0, 1, 0, 1, 1, -1, -1]@[0, 0, 0, 0, 0, 0, 0, 0, 0, 0, 0, 0, 0, -1, 0, 0, 0, 1, 0, 0, 0, 0, 0, 1, 0]
a80@[1, -1, 1, 1, 1, -1, 1, 1, -1, 1, 1, 1, -1, -1, 1, -1, -1, 1, -1, -1, -1, 1, -1, 1, 1]@[0, 0, -1, 0, 0, 0, 0, 0, 1, 0, 0, 0, 0, 1, 0, 0, 0, 0, 1, 0, 1, -1, 0, 0, 0]
a81@[1, 1, 1, -1, -1, 0, 1, -1, -1, -1, 1, 1, -1, 1, 1, 1, 1, -1, 1, 1, 1, -1, 1, -1, 1]@[0, 0, 0, 0, 1, 0, 0, 0, 0, 0, 0, 0, 0, -1, 0, 0, -1, 1, 0, 0, 0, 0, 0, 1, 0]
a82@[1, 1, -1, -1, 1, 1, 1, 1, -1, -1, 1, 1, -1, 1, 1, 1, -1, 1, 1, 1, 1, -1, 1, 1, 1]@[0, -1, 1, 1, 0, -1, -1, 0, 1, 1, 0, -1, 1, -1, 0, -1, 0, 0, -1, -1, -1, 1, -1, 0, -1]
a83@[-1, -1, 1, -1, -1, 1, -1, -1, 1, -1, -1, -1, 1, 1, -1, 1, 1, -1, -1, 1, -1, 1, 1, -1, -1]@[1, 1, 0, 0, 1, -1, 0, 0, -1, 1, 1, 0, 0, -1, 1, 0, 0, 1, 0, 0, 0, 0, 0, 1, 0]
a84@[1, 1, 1, -1, 1, -1, 1, -1, -1, -1, 1, 1, -1, -1, -1, 1, -1, 1, 1, 1, 1, 1, 1, 1, 1]@[0, -1, 0, 1, 0, 0, 0, 1, 1, 1, 0, 0, 0, 0, 0, -1, 0, 0, -1, -1, -1, 0, -1, 0, 0]
a85@[1, -1, 1, 1, 1, -1, -1, 1, 1, 1, 1, -1, -1, -1, 1, -1, -1, 1, -1, -1, -1, 1, -1, 1, -1]@[0, 1, -1, -1, 0, 0, 1, 0, -1, -1, 0, 1, 0, 1, 0, 1, 0, 0, 1, 1, 1, -1, 0, 0, 1]
a86@[1, 1, 1, -1, 1, -1, 1, -1, -1, -1, 1, 1, -1, -1, 1, 1, -1, 1, 1, 1, 1, -1, 1, 1, 1]@[0, 0, -1, 0, 0, 0, 0, 1, 0, 0, 0, 0, 0, 1, 0, 0, 0, 0, 0, -1, 0, 0, -1, 0, 0]
a87@[1, -1, -1, 1, 1, -1, 1, 1, 1, 1, 1, 1, -1, -1, 1, -1, -1, 1, -1, -1, -1, 1, -1, 1, 1]@[0, 1, 0, 0, 0, 0, 0, 0, -1, -1, 0, 0, 0, 1, 0, 1, 0, 0, 1, 0, 1, -1, 0, 0, 0]
a88@[1, -1, 1, 1, 1, -1, -1, 1, 1, 1, 1, -1, -1, -1, 1, -1, -1, 1, -1, -1, -1, 1, -1, 1, 1]@[0, 1, -1, -1, 0, 0, 1, 0, -1, -1, 0, 1, 0, 1, 0, 1, 0, 0, 1, 1, 1, -1, 0, 0, 0]
a89@[1, -1, 1, 1, 1, -1, -1, 1, 1, 1, -1, -1, -1, -1, -1, 1, -1, 1, -1, -1, -1, 1, 1, 1, -1]@[0, 0, 0, 0, 0, 0, 0, 0, -1, 0, 1, 0, 0, 0, 1, 0, 0, 0, 0, 0, 0, 0, -1, 0, 1]
a90@[-1, 0, 1, -1, -1, 1, -1, -1, 0, 0, -1, -1, 1, -1, -1, 1, 1, -1, 0, 1, 0, 1, 1, -1, -1]@[0, 0, 0, 0, 0, 0, 0, 0, 0, 0, 0, 0, 0, 1, 0, 0, 0, 0, 0, 0, 0, 0, 0, 0, 0]
a91@[1, 1, -1, -1, 1, -1, 1, -1, -1, -1, 1, 1, -1, 1, 1, 1, -1, 1, 1, 1, 1, -1, -1, 1, 1]@[0, 0, 1, 0, 0, 0, 0, 0, 0, 0, 0, 0, 0, -1, 0, 0, 1, 0, 0, 0, 0, 1, 1, 0, 0]
a92@[1, 1, 1, -1, 1, 1, -1, -1, -1, -1, 1, -1, 1, -1, 1, 1, -1, 1, 1, 1, 1, 1, 1, 1, -1]@[0, 0, 0, 0, -1, 0, 0, 0, 0, 0, 0, 0, 0, 0, 0, 0, 1, 0, 0, 0, 0, 0, 0, -1, 0]
a93@[1, -1, -1, 1, 1, -1, 1, 1, 1, 1, 1, 1, -1, 1, 1, -1, -1, 1, 1, -1, 1, -1, -1, 1, 1]@[0, 0, 0, 0, 0, 0, 0, 0, 0, 0, 0, 0, 0, 0, 0, 0, 0, 0, -1, 0, -1, 1, 0, 0, 0]
a94@[-1, 1, 1, -1, -1, 1, -1, -1, -1, -1, -1, -1, 1, 1, -1, 1, 1, -1, 1, 1, 1, 1, 1, -1, -1]@[0, 0, 0, 0, 0, 0, 0, 0, 0, 0, 0, 0, 0, -1, 0, 0, 0, 1, 0, 0, 0, 0, 0, 0, 0]
a95@[1, 1, 1, 1, 1, -1, 1, -1, -1, -1, 1, 1, -1, -1, 1, 1, -1, 1, 1, -1, 1, -1, -1, 1, 1]@[0, 0, -1, 0, 0, 0, 0, 0, 0, 0, 0, 0, 0, 1, 0, 0, 0, 0, 0, 1, 0, 0, 0, 0, 0]
a96@[1, 1, 1, -1, 1, 1, 1, -1, -1, -1, 1, 1, -1, -1, 1, 1, 1, 1, 1, 1, 1, 1, 1, -1, 1]@[0, 0, 0, 0, 0, 0, 0, 0, 0, 0, 0, 0, 0, 0, 0, 0, -1, 0, 0, 0, 0, 0, 0, 1, 0]
a97@[1, 1, -1, -1, 1, -1, 1, 1, -1, -1, 1, 1, -1, 1, 1, 1, -1, 1, 1, 1, 1, -1, -1, 1, 1]@[0, 0, 0, 0, 0, 0, 0, -1, 0, 0, 0, 0, 0, 0, 0, 0, 0, 0, 0, 0, 0, 0, 1, 0, 0]
a98@[1, -1, -1, 1, 1, -1, 1, 1, 1, 1, 1, 1, -1, 1, 1, -1, -1, 1, -1, -1, -1, 1, -1, 1, 1]@[0, 0, 0, 0, 0, 0, 0, 0, 0, 0, 0, 0, 0, 0, 0, 0, 0, 0, 1, 0, 0, -1, 0, 0, 0]
a99@[1, 1, -1, 1, 1, -1, 1, 1, -1, -1, 1, 1, -1, 1, 1, 1, -1, 1, 1, -1, 1, -1, -1, 1, 1]@[0, -1, 1, 0, 0, 0, 0, 0, 1, 1, 0, 0, 0, -1, 0, -1, 0, 0, -1, 0, -1, 1, 0, 0, 0]
a100@[1, 0, 1, 0, 1, -1, -1, 0, 0, 1, 1, -1, -1, -1, -1, 0, -1, 1, -1, 0, -1, 1, 0, 1, -1]@[0, 0, 0, 0, 0, 0, 0, 0, 0, 0, 0, 0, 0, 0, 1, 0, 0, 0, 0, 0, 0, 0, 0, 0, 1]
a101@[1, 1, 1, -1, 1, 0, 0, -1, -1, 0, 1, 0, -1, -1, 1, 1, -1, 1, 0, 1, 0, 1, 1, 1, 1]@[0, 0, 0, 0, 0, 0, 0, 0, 0, 0, 0, 0, 0, 0, 0, 0, 1, 0, 0, 0, 0, 0, 0, 0, -1]
a102@[-1, 1, 1, -1, -1, 1, -1, -1, -1, -1, -1, -1, 1, 1, -1, 1, 1, -1, -1, 1, -1, 1, 1, -1, -1]@[1, 0, 0, 0, 1, 0, 0, 0, 0, 1, 1, 0, 0, 0, 1, 0, 0, 1, 0, 0, 0, 0, 0, 1, 0]
a103@[1, 1, 1, -1, 1, -1, -1, -1, -1, 1, 1, -1, -1, -1, 1, 1, -1, 1, -1, 1, -1, 1, 1, 1, 1]@[0, -1, 0, 1, 0, 0, 0, 1, 1, 0, -1, 0, 0, 0, -1, -1, 0, 0, 0, -1, 0, 0, -1, 0, -1]
a104@[1, 1, -1, -1, 1, -1, 1, 1, -1, -1, 1, 1, -1, 1, 1, 1, -1, 1, 1, 1, 1, -1, -1, 1, 1]@[0, 0, 1, 0, 0, 0, 0, -1, 0, 0, 0, 0, 0, -1, 0, 0, 0, 0, 0, 0, 0, 0, 1, 0, 0]
a105@[1, 1, 1, -1, 1, -1, 1, -1, -1, -1, 1, 1, -1, -1, 1, 1, -1, 1, 1, 1, 1, -1, -1, 1, 1]@[0, 0, -1, 0, 0, 0, 0, 1, 0, 0, 0, 0, 0, 1, 0, 0, 0, 0, 0, 0, 0, 0, 1, 0, 0]
a106@[-1, 1, -1, -1, -1, 1, -1, -1, -1, -1, 1, -1, 1, 1, 1, 1, 1, 1, -1, 1, -1, -1, 1, -1, -1]@[0, 0, 1, 0, 0, 0, 0, 0, 0, 1, -1, 0, 0, -1, -1, 0, 0, 0, 0, 0, 0, 1, 0, 1, 0]
a107@[1, -1, 1, 1, 1, -1, -1, 1, -1, 1, 1, -1, 0, -1, 1, 1, -1, 1, -1, -1, -1, 1, -1, 1, -1]@[0, 0, 0, 0, 0, 0, 0, 0, 1, 0, 0, 0, 0, 0, 0, -1, 0, 0, 0, 0, 0, 0, 0, 0, 0]
a108@[1, 1, -1, -1, -1, 0, 1, -1, -1, -1, 1, 1, -1, 1, 1, 1, 1, -1, 1, 1, 1, -1, 1, -1, 1]@[0, 0, 1, 0, 1, 0, 0, 0, 0, 0, 0, 0, 0, -1, 0, 0, -1, 1, 0, 0, 0, 0, 0, 1, 0]
a109@[-1, 1, -1, -1, -1, 1, -1, -1, -1, -1, 1, -1, 1, 1, 1, 1, 1, -1, -1, 1, -1, -1, 1, -1, -1]@[0, 0, 1, 0, 0, 0, 0, 0, 0, 1, -1, 0, 0, -1, -1, 0, 0, 1, 0, 0, 0, 1, 0, 1, 0]
a110@[-1, 1, 1, -1, -1, 1, -1, -1, -1, -1, -1, -1, 1, 1, -1, 1, 1, -1, -1, 1, -1, 1, 1, -1, -1]@[0, 0, 0, 0, 1, 0, 0, 0, 0, 1, 1, 0, 0, -1, 1, 0, 0, 1, 0, 0, 0, 0, 0, 1, 0]
a111@[1, 1, -1, -1, 1, 1, 1, -1, -1, -1, 1, 1, 1, 1, 1, 1, 1, 1, 1, 1, 1, -1, 1, -1, 1]@[0, 0, 1, 0, 0, 0, -1, 0, 0, 0, 0, -1, 0, -1, 0, 0, -1, 0, 0, 0, 0, 1, 0, 1, -1]
a112@[1, -1, 1, 1, 1, -1, -1, 1, -1, 1, 1, -1, 1, -1, 1, 1, -1, 1, -1, -1, -1, 1, -1, 1, -1]@[0, 0, -1, 0, 0, 0, 0, 0, 1, 0, 0, 0, 0, 0, 0, -1, 0, 0, 0, 0, 0, 0, 0, 0, 0]
a113@[1, 1, 1, -1, 1, -1, 1, -1, -1, -1, 1, 1, -1, -1, 1, 1, -1, 1, 1, 1, 1, -1, -1, 1, 1]@[0, 0, 0, 0, -1, 0, 0, 0, 0, 0, 0, 0, 0, 1, 0, 0, 1, -1, 0, 0, 0, 0, 1, -1, 0]
a114@[1, 1, 1, -1, -1, 1, -1, -1, -1, -1, 1, -1, 1, -1, 1, 1, 1, 1, 1, 1, 1, -1, 1, 1, -1]@[0, 0, 0, 0, 1, 0, 0, 0, 0, 0, 0, 0, 0, 0, -1, 0, 0, 0, 0, 0, 0, 1, 0, 0, 0]
a115@[1, 1, 1, -1, 1, 0, 0, -1, -1, 0, 1, 0, -1, -1, 1, 1, 1, 1, 0, 1, 0, 1, 1, 1, -1]@[0, 0, 0, 0, 0, 0, 0, 0, 0, 0, 0, 0, 0, 0, -1, 0, -1, 0, 0, 0, 0, 0, 0, 0, 1]
a116@[-1, -1, 1, 1, -1, 1, -1, 1, 1, 1, -1, -1, 1, -1, -1, -1, -1, -1, -1, -1, -1, 1, -1, -1, -1]@[0, 0, 0, 0, 0, 0, 0, 0, 0, 0, 0, 0, 0, 0, 0, 0, 0, 0, 0, 0, 0, 0, 1, 0, 0]
a117@[1, 1, 1, -1, 1, 1, 1, -1, -1, -1, 1, 1, -1, -1, 1, 1, -1, 1, 1, 1, 1, -1, 1, 1, 1]@[0, 0, 0, 0, -1, 0, 0, 0, 0, 0, 0, 0, 0, 1, 0, 0, 1, 0, 0, 0, 0, 0, 0, -1, 0]
a118@[1, -1, 1, 1, 1, -1, -1, 1, 1, 1, -1, -1, 0, -1, -1, -1, -1, 1, -1, -1, -1, 1, -1, 1, -1]@[0, 1, 0, -1, 0, 0, 0, -1, -1, 0, 1, 0, 0, 0, 1, 1, 0, 0, 0, 1, 0, 0, 1, 0, 0]
a119@[-1, 0, 1, -1, -1, 1, -1, -1, 0, 0, -1, -1, 1, -1, -1, 1, 1, 1, 0, 1, 0, 1, 1, 1, -1]@[0, 0, 0, 0, 0, 0, 0, 0, 0, 0, 0, 0, 0, 1, 0, 0, 0, -1, 0, 0, 0, 0, 0, -1, 0]
a120@[1, 1, -1, -1, -1, 1, 1, -1, -1, -1, 1, 1, 1, 1, 1, 1, 1, -1, 1, 1, 1, -1, 1, -1, -1]@[0, 0, 0, 0, 0, 0, 0, 0, 0, 0, 0, 0, 0, 0, 0, 0, 0, 1, 0, 0, 0, 0, 0, 0, 1]
a121@[1, 1, -1, -1, 1, -1, 1, -1, -1, -1, 1, 1, -1, 1, 1, 1, -1, 1, 1, 1, 1, -1, 1, 1, 1]@[0, 0, 0, 0, 0, 0, 0, 1, 0, 0, 0, 0, 0, 0, 0, 0, 0, 0, 0, 0, 0, 0, -1, 0, 0]
a122@[1, -1, 1, 1, 1, -1, 0, 1, 1, 1, 1, 0, -1, -1, 1, -1, -1, 1, -1, -1, -1, 1, -1, 1, 0]@[0, 0, 0, 0, 0, 0, 0, 0, -1, 0, 0, 0, 0, 0, 0, 0, 0, 0, 0, 0, 0, 0, 0, 0, 0]
a123@[1, -1, 1, 1, 1, -1, -1, 1, 1, 1, 1, -1, 0, -1, 1, -1, -1, 1, -1, -1, -1, 1, -1, 1, -1]@[0, 0, 0, 0, 0, 0, 0, 0, -1, 0, 0, 0, 0, 0, 0, 1, 0, 0, 0, 0, 0, 0, 0, 0, 0]
a124@[1, -1, -1, 1, 1, -1, 1, 1, 1, 1, 1, 1, -1, 1, 1, -1, -1, 1, -1, -1, -1, 1, -1, 1, 1]@[0, 0, 0, 0, 0, 0, 0, 0, 0, 0, 0, 0, 0, 0, 0, 0, 0, 0, 1, 0, 1, -1, 0, 0, 0]
a125@[1, -1, -1, 1, 1, -1, 1, 1, 1, 1, 1, 1, -1, 1, 1, -1, -1, 1, 1, -1, 1, -1, -1, 1, 1]@[0, 0, 0, 0, 0, 0, 0, 0, 0, 0, 0, 0, 0, 0, 0, 0, 0, 0, 0, 0, -1, 0, 0, 0, 0]
a126@[1, 1, -1, -1, -1, 0, 1, -1, -1, -1, 1, 1, -1, 1, 1, 1, 1, -1, 1, 1, 1, -1, 1, -1, 1]@[0, 0, 0, 0, 0, 0, 0, 0, 0, 0, 0, 0, 0, 0, 0, 0, 0, 0, 0, 0, 0, 0, 0, 0, 0]
a127@[1, 1, 1, -1, 1, 1, 0, -1, -1, -1, 1, 0, 0, -1, 1, 1, -1, 1, 1, 1, 1, 1, 1, 1, 0]@[0, 0, 0, 0, 0, 0, 0, 0, 0, 0, 0, 0, 0, 0, 0, 0, 1, 0, 0, 0, 0, -1, 0, 0, 0]
a128@[1, -1, 1, 1, 1, -1, -1, 1, 1, 1, 1, -1, 1, -1, -1, -1, -1, 1, -1, -1, -1, 1, -1, 1, -1]@[0, 1, 0, -1, 0, 0, 0, -1, -1, 0, 0, 0, 0, 0, 0, 1, 1, 0, 0, 1, 0, 0, 1, 0, 0]
a129@[1, 0, 1, 0, 1, -1, -1, 0, 0, 1, 1, -1, -1, -1, 1, 0, -1, 1, -1, 0, -1, 1, 0, 1, 1]@[0, 0, 0, 0, 0, 0, 0, 0, 0, 0, 0, 0, 0, 0, -1, 0, 0, 0, 0, 0, 0, 0, 0, 0, -1]
a130@[1, -1, 1, 1, 1, -1, -1, 1, 1, 1, 1, -1, -1, -1, -1, -1, -1, 1, -1, -1, -1, 1, -1, 1, 1]@[0, 0, 0, 0, 0, 0, 0, 0, 0, 0, 0, 0, 0, 0, 1, 0, 0, 0, 0, 0, 0, 0, 0, 0, -1]
a131@[1, 1, -1, -1, 1, 0, 1, -1, -1, -1, 1, 1, -1, 1, 1, 1, -1, 1, 1, 1, 1, -1, 1, 1, 1]@[0, 0, 1, 0, 0, 0, 0, 0, 0, 0, 0, 0, 0, -1, 0, 0, 1, 0, 0, 0, 0, 1, 0, 0, 0]
a132@[1, 1, -1, -1, 1, -1, 1, -1, -1, -1, 1, 1, -1, 1, 1, 1, -1, 1, 1, 1, 1, -1, 1, 1, 1]@[0, 0, 1, 0, 0, 0, 0, 0, 0, 0, 0, 0, 0, -1, 0, 0, 1, 0, 0, 0, 0, 1, 0, -1, 0]
a133@[1, -1, 1, 1, 1, -1, -1, 1, -1, 1, 1, -1, -1, -1, 1, 1, -1, 1, -1, -1, -1, 1, -1, 1, -1]@[0, 0, 0, 0, 0, 0, 0, 0, 1, 0, 0, 0, 0, 0, 0, -1, 0, 0, 0, 0, 0, 0, 0, 0, 1]
a134@[1, -1, 1, 1, 1, -1, -1, 1, 1, 1, 1, -1, -1, -1, -1, -1, -1, 1, -1, -1, -1, 1, -1, 1, -1]@[0, 0, 0, 0, 0, 0, 0, 0, -1, 0, 0, 0, 0, 0, 1, 1, 0, 0, 0, 0, 0, 0, 0, 0, 1]
a135@[1, 1, 1, -1, 1, 1, 0, -1, -1, -1, 1, 0, 0, 1, 1, 1, 1, 1, 1, 1, 1, 1, 1, 1, 0]@[0, 0, 0, 0, 0, 0, 0, 0, 0, 0, 0, 0, 0, -1, 0, 0, -1, 0, 0, 0, 0, 0, 0, 0, 0]
a136@[1, 1, -1, -1, -1, -1, 1, -1, -1, -1, 1, 1, -1, 1, 1, 1, 1, -1, 1, 1, 1, -1, 1, -1, 1]@[-1, 0, 0, 0, 0, 1, -1, 0, 0, 0, -1, -1, 1, 0, 0, 0, 0, 0, -1, 0, -1, 0, 0, 0, -1]
a137@[1, 1, -1, -1, -1, 0, 1, -1, -1, -1, 1, 1, 0, 1, 1, 1, 1, -1, 1, 1, 1, -1, 1, -1, 1]@[0, 0, 0, 0, 1, 0, 0, 0, 0, 0, 0, 0, 0, 0, 0, 0, 0, 1, 0, 0, 0, 0, 0, 0, 0]
a138@[-1, -1, 1, -1, -1, 1, -1, -1, 1, -1, -1, -1, 1, 1, -1, 1, 1, -1, -1, 1, -1, 1, 1, -1, -1]@[0, 0, 0, 0, 0, 0, 0, 0, 0, 1, 0, 0, 0, -1, 0, 0, 0, 0, 0, 0, 0, 0, 0, 0, 0]
a139@[1, 1, -1, 0, 1, -1, 1, 1, -1, -1, 1, 1, -1, 1, 1, 1, -1, 1, 1, -1, 1, -1, 0, 1, 1]@[0, 0, 1, 0, 0, 0, 0, -1, 0, 0, 0, 0, 0, -1, 0, 0, 0, 0, 0, 1, 0, 0, 0, 0, 0]
a140@[-1, -1, 1, 1, 1, -1, -1, 1, 1, 1, -1, -1, 1, -1, -1, -1, -1, 1, -1, -1, -1, 1, -1, 1, -1]@[1, 1, 0, -1, 0, 1, 0, -1, -1, 0, 1, 0, 0, 0, 1, 1, 0, 0, 0, 1, 0, 0, 1, 0, 0]
a141@[-1, 1, -1, -1, -1, 1, -1, -1, -1, -1, 1, 0, 1, 1, 1, 1, 1, -1, 0, 1, 0, -1, 1, -1, -1]@[0, 0, 0, 0, 0, 0, 0, 0, 0, 0, -1, 0, 0, 0, -1, 0, 0, 0, 0, 0, 0, 0, 0, 0, 0]
a142@[1, 1, 1, -1, 1, -1, 1, -1, -1, -1, 1, 1, -1, -1, 1, 1, 1, 1, 1, 1, 1, 1, 1, 1, 1]@[0, 0, -1, 0, 0, 0, 0, 0, 0, 0, 0, 0, 0, 1, 0, 0, -1, 0, 0, 0, 0, -1, -1, 0, 0]
a143@[1, 1, -1, 1, 1, -1, 1, 1, -1, -1, 1, 1, -1, 1, 1, 1, -1, 1, 1, -1, 1, -1, -1, 1, 1]@[0, 0, 1, 0, 0, 0, 0, -1, 0, 0, 0, 0, 0, -1, 0, 0, 0, 0, -1, 1, 0, 0, 0, 0, 0]
a144@[1, 1, 1, -1, 1, 1, -1, -1, -1, -1, 1, -1, 1, -1, 1, 1, -1, 1, 1, 1, 1, 1, 1, 1, -1]@[0, 0, -1, 0, -1, 0, 1, 0, 0, 0, 0, 1, 0, 1, 0, 0, 1, 0, 0, 0, 0, -1, 0, -1, 1]
a145@[-1, 1, -1, -1, -1, 1, 1, -1, -1, -1, -1, 1, 1, 1, 1, 1, 1, -1, 1, 1, 1, -1, 1, -1, -1]@[1, 0, 0, 0, 0, 0, 0, 0, 0, 0, 1, 0, 0, 0, 0, 0, 0, 0, 0, 0, 0, 0, 0, 0, 0]
a146@[1, 1, 1, 0, 0, 0, 1, -1, -1, -1, 1, 1, -1, 1, 1, 1, 0, 0, 1, 1, 1, -1, 0, 0, 1]@[0, 0, -1, 0, 0, 0, 0, 0, 0, 0, 0, 0, 0, 0, 0, 0, 0, 0, 0, 0, 0, 0, 0, 0, 0]
a147@[-1, 1, 1, -1, -1, 1, -1, -1, -1, -1, -1, -1, 1, 1, -1, 1, 1, -1, -1, 1, -1, 1, 1, -1, -1]@[1, 0, 0, 0, 1, 0, 0, 0, 0, 1, 1, 0, 0, -1, 1, 0, 0, 1, 0, 0, 0, 0, 0, 1, 0]
a148@[1, -1, 1, 1, 1, -1, -1, 1, 1, 1, 1, -1, -1, -1, -1, -1, -1, 1, -1, -1, -1, 1, -1, 1, 1]@[0, 0, 0, 0, 0, 0, 0, 0, -1, 0, 0, 0, 0, 0, 1, 1, 0, 0, 0, 0, 0, 0, 0, 0, -1]
a149@[1, -1, 1, 1, 1, -1, -1, 1, -1, 1, 1, -1, 0, -1, 1, 1, -1, 1, -1, -1, -1, 1, -1, 1, -1]@[0, 0, 0, 0, 0, 0, 0, 0, 1, 0, 0, 0, 0, 0, -1, -1, 0, 0, 0, 0, 0, 0, 0, 0, 0]
a150@[1, -1, -1, 1, 1, -1, 0, 1, 1, 1, 1, 0, 0, -1, 1, -1, -1, 1, -1, -1, -1, 1, -1, 1, 0]@[0, 0, 1, 0, 0, 0, 0, 0, 0, 0, 0, 0, 0, 0, -1, 0, 0, 0, 0, 0, 0, 0, 0, 0, 0]
a151@[-1, 1, -1, -1, -1, 1, -1, -1, -1, -1, -1, -1, 1, 1, -1, 1, 1, -1, -1, 1, -1, -1, 1, -1, -1]@[1, 0, 1, 0, 1, 0, 0, 0, 0, 1, 1, 0, 0, -1, 0, 0, 0, 1, 0, 0, 0, 1, 0, 1, 0]
a152@[1, 1, 1, -1, 1, 1, -1, -1, -1, 1, 1, -1, 1, -1, 1, 1, -1, 1, -1, 1, -1, 1, 1, 1, -1]@[0, 0, 0, 0, 0, 0, 0, 0, 0, 0, 0, 0, 0, 0, 0, 0, 1, 0, 0, 0, 0, 0, 0, -1, 0]
a153@[1, 1, 1, -1, 1, 0, 1, -1, -1, -1, 1, 1, -1, -1, 1, 1, 1, 1, 1, 1, 1, 1, 1, 1, 1]@[0, 0, -1, 0, 0, 0, 0, 0, 0, 0, 0, 0, 0, 1, 0, 0, -1, 0, 0, 0, 0, -1, 0, 0, 0]
a154@[0, 1, -1, 0, 0, 0, 0, -1, -1, -1, 0, 0, 0, 1, 0, 1, 0, 0, 1, 1, 1, 0, 0, 0, 0]@[0, 0, 1, 0, 0, 0, 0, 0, 0, 0, 0, 0, 0, -1, 0, 0, 0, 0, 0, 0, 0, 0, 0, 0, 0]
a155@[1, 1, 1, -1, 1, -1, 1, -1, -1, -1, 1, 1, -1, -1, -1, 1, -1, 1, 1, 1, 1, 1, 1, 1, 1]@[0, 0, 0, 0, 0, 0, 0, 0, 0, 0, 0, 0, 0, 1, 1, 0, 1, 0, 0, 0, 0, 0, 0, 0, 0]
a156@[1, -1, 1, 1, 1, -1, 1, 1, -1, 1, 1, 1, -1, -1, 1, -1, -1, 1, -1, -1, -1, 1, -1, 1, 1]@[0, 0, -1, 0, 0, 0, 0, 0, 1, 0, 0, 0, 0, 0, 0, 0, 0, 0, 0, 0, 0, 0, 0, 0, 0]
a157@[1, 1, -1, -1, 1, -1, 1, 1, -1, -1, 1, 1, -1, 1, 1, 1, -1, 1, 1, 1, 1, -1, -1, 1, 1]@[0, -1, 1, 1, 0, 0, -1, 0, 1, 1, 0, -1, 0, -1, 0, -1, 0, 0, -1, -1, -1, 1, 0, 0, 0]
a158@[-1, 0, 1, -1, -1, 1, -1, -1, 0, 1, -1, -1, 1, -1, -1, 1, 1, 1, -1, 1, -1, 1, 1, 1, -1]@[0, 0, 0, 0, 0, 0, 0, 0, 0, -1, 0, 0, 0, 1, 0, 0, 0, -1, 0, 0, 0, 0, 0, -1, 0]
a159@[1, -1, -1, 1, 1, -1, -1, 1, 1, 1, 1, -1, 1, -1, 1, -1, -1, 1, -1, -1, -1, 1, -1, 1, -1]@[0, 1, 0, -1, 0, 1, 1, 0, -1, -1, 0, 1, -1, 1, 0, 1, 0, 0, 1, 1, 1, -1, 1, 0, 1]
a160@[-1, 1, -1, -1, -1, 1, -1, -1, -1, 1, 1, -1, 1, 1, 1, 1, 1, -1, -1, 1, -1, -1, 1, -1, -1]@[0, 0, 0, 0, 0, 0, 0, 0, 0, -1, -1, 0, 0, 0, 0, 0, 0, 0, 0, 0, 0, 0, 0, 0, 0]
a161@[1, 1, 1, -1, 1, 1, -1, -1, -1, 1, 1, -1, 1, -1, 1, 1, 1, 1, -1, 1, -1, -1, 1, 1, -1]@[-1, 0, 0, 0, -1, 0, 0, 0, 0, -1, -1, 0, 0, 1, -1, 0, 0, -1, 0, 0, 0, 1, 0, -1, 0]
a162@[1, 1, -1, -1, 1, -1, 1, 1, -1, -1, 1, 1, -1, 1, 1, 1, -1, 1, 1, 1, 1, -1, 1, 1, 1]@[0, -1, 1, 1, 0, 0, -1, 0, 1, 1, 0, -1, 0, -1, 0, -1, 0, 0, -1, -1, -1, 1, -1, 0, 0]
a163@[-1, 1, 1, -1, -1, 1, -1, -1, -1, -1, -1, -1, 1, -1, -1, 1, 1, 1, 1, 1, 1, 1, 1, 1, -1]@[0, 0, -1, 0, 0, 0, 0, 0, 0, 0, 1, 0, 0, 1, 1, 0, 0, -1, 0, 0, 0, -1, 0, -1, 0]
a164@[1, 1, 1, -1, 1, 1, -1, -1, -1, -1, 1, -1, 1, -1, 1, 1, -1, 1, 1, 1, 1, 1, 1, 1, -1]@[0, 0, 0, 0, -1, 0, 0, 0, 0, 0, 0, 0, 0, 0, 0, 0, 1, 0, 0, 0, 0, 0, 0, 0, 0]
a165@[-1, 1, 1, -1, -1, 1, -1, -1, -1, -1, -1, -1, 1, -1, -1, 1, 1, -1, -1, 1, -1, 1, 1, -1, -1]@[1, -1, 0, 1, 1, -1, 0, 1, 1, 1, 0, 0, 0, 0, 0, -1, -1, 0, 0, -1, 0, 0, -1, 1, 0]
a166@[-1, 1, -1, -1, -1, 1, -1, -1, -1, -1, -1, -1, 1, 1, 1, 1, 1, -1, -1, 1, -1, -1, 1, -1, -1]@[1, 0, 0, 0, 0, -1, 1, 0, 0, 0, 1, 1, -1, 0, 0, 0, 0, 0, 1, 0, 1, 0, 0, 0, 1]
a167@[1, 1, 1, -1, -1, 1, 0, -1, -1, -1, 1, 0, 0, -1, 1, 1, 1, 1, 1, 1, 1, 1, 1, 1, 0]@[0, 0, 0, 0, 1, 0, 0, 0, 0, 0, 0, 0, 0, 0, 0, 0, -1, 0, 0, 0, 0, 0, 0, 0, 0]
a168@[1, 1, 1, -1, 1, 1, -1, -1, -1, -1, 1, -1, 1, -1, 1, 1, -1, 1, 1, 1, 1, 1, 1, 1, -1]@[0, 0, -1, 0, 0, 0, 1, 0, 0, 0, 0, 1, 0, 1, 0, 0, 1, 0, 0, 0, 0, -1, 0, -1, 1]
a169@[1, 1, 1, -1, 1, -1, 1, -1, -1, -1, 1, 1, -1, -1, 1, 1, 1, 1, 1, 1, 1, 1, 1, 1, 1]@[0, 0, -1, 0, 0, 0, 0, 0, 0, 0, 0, 0, 0, 1, 0, 0, -1, 0, 0, 0, 0, -1, 0, -1, 0]
a170@[1, 1, 1, -1, 1, 0, 0, -1, -1, 0, 1, 0, 0, -1, 1, 1, -1, 1, 0, 1, 0, 1, 1, 1, 0]@[0, 0, 0, 0, 0, 0, 0, 0, 0, 0, 0, 0, 0, 0, 0, 0, 1, 0, 0, 0, 0, 0, 0, 0, 0]
a171@[1, -1, -1, 1, 1, -1, 1, 1, 1, 1, 1, 1, -1, 1, 1, -1, -1, 1, 1, -1, 1, -1, -1, 1, 1]@[0, 0, 1, 0, 0, 0, 0, 0, -1, 0, 0, 0, 0, -1, 0, 0, 0, 0, -1, 0, -1, 1, 0, 0, 0]
a172@[1, -1, 1, 1, 1, -1, 0, 1, -1, 1, 1, 0, -1, -1, 1, -1, -1, 1, -1, -1, -1, 1, -1, 1, 0]@[0, 0, 0, 0, 0, 0, 0, 0, 1, 0, 0, 0, 0, 0, -1, 0, 0, 0, 0, 0, 0, 0, 0, 0, 0]
a173@[1, -1, 1, 1, 1, -1, -1, 1, 1, 1, 1, -1, 0, -1, -1, -1, -1, 1, -1, -1, -1, 1, -1, 1, -1]@[0, 0, 0, 0, 0, 0, 0, 0, -1, 0, 0, 0, 0, 0, 1, 1, 0, 0, 0, 0, 0, 0, 0, 0, 0]
a174@[1, 1, -1, 1, 1, -1, 1, -1, -1, -1, 1, 1, -1, 1, 1, 1, -1, 1, 1, 1, 1, -1, -1, 1, 1]@[0, 0, 1, 0, 0, 0, 0, 1, 0, 0, 0, 0, 0, -1, 0, 0, 0, 0, 0, 0, 0, 0, 0, 0, 0]
a175@[1, 1, 1, -1, -1, 1, 1, -1, -1, -1, 1, 1, -1, 1, 1, 1, 1, 1, 1, 1, 1, -1, 1, -1, 1]@[0, 0, -1, 0, 1, 0, 0, 0, 0, 0, 0, 0, 0, 0, 0, 0, 0, 0, 0, 0, 0, 0, 0, 0, 0]
a176@[1, 1, 1, -1, 1, 1, 1, -1, -1, -1, 1, 1, -1, -1, -1, 1, -1, 1, 1, 1, 1, 1, 1, 1, 1]@[-1, 0, -1, 0, -1, 0, -1, 0, 0, 0, -1, 0, 1, 1, 0, 0, 1, -1, 0, 0, 0, -1, 0, -1, -1]
a177@[1, 1, 1, -1, 1, 0, 0, -1, -1, -1, 1, 0, 0, -1, 1, 1, 1, 1, 1, 1, 1, -1, 1, 1, 0]@[0, 0, 0, 0, 0, 0, 0, 0, 0, 0, 0, 0, 0, 0, 0, 0, -1, 0, 0, 0, 0, 1, 0, 0, 0]
a178@[1, -1, 1, 1, 1, -1, -1, 1, -1, 1, 1, -1, -1, -1, 1, -1, -1, 1, -1, -1, -1, 1, -1, 1, 1]@[0, 0, 0, 0, 0, 0, 0, 0, 1, 0, -1, 0, 0, 0, -1, 1, 0, 0, 0, 0, 0, 0, 1, 0, -1]
a179@[1, -1, -1, 1, 1, -1, 1, 1, 1, 1, 1, 1, -1, 1, 1, -1, -1, 1, -1, -1, -1, 1, -1, 1, 1]@[0, 1, 1, 0, 0, 0, 0, -1, -1, -1, 0, 0, 0, -1, 0, 1, 0, 0, 1, 1, 1, -1, 0, 0, 0]
a180@[1, 1, 1, 1, 1, -1, 1, -1, -1, -1, 1, 1, -1, -1, 1, 1, -1, 1, 1, 1, 1, -1, -1, 1, 1]@[0, -1, -1, 0, 0, 0, 0, 1, 1, 1, 0, 0, 0, 1, 0, -1, 0, 0, -1, -1, -1, 1, 0, 0, 0]
a181@[1, 1, -1, -1, 1, -1, 1, 1, -1, -1, 1, 1, -1, 1, 1, 1, -1, 1, 1, 1, 1, -1, 1, 1, 1]@[0, 0, 1, 0, 0, 0, 0, -1, 0, 0, 0, 0, 0, -1, 0, 0, 0, 0, 0, 0, 0, 0, -1, 0, 0]
a182@[-1, 1, -1, -1, -1, 1, -1, -1, -1, -1, -1, -1, 1, 1, 1, 1, 1, -1, -1, 1, -1, -1, 1, -1, -1]@[0, 0, 0, 0, 0, 0, 0, 0, 0, 0, 1, 0, 0, 0, 0, 0, 0, 1, 0, 0, 0, 0, 0, 0, 0]
a183@[1, 1, 1, -1, 1, 1, 1, -1, -1, -1, 1, 1, -1, -1, 1, 1, 1, 1, 1, 1, 1, -1, 1, 1, 1]@[0, 0, 0, 0, 0, 0, 0, 0, 0, 0, 0, 0, 0, 0, -1, 0, -1, 0, 0, 0, 0, 1, 0, 0, 0]
a184@[1, 1, 1, -1, 1, 0, -1, -1, -1, 0, 1, -1, 1, -1, 1, 1, -1, 1, 0, 1, 0, 1, 1, 1, -1]@[0, 0, 0, 0, 0, 0, 0, 0, 0, 0, 0, 0, 0, 0, -1, 0, 1, 0, 0, 0, 0, 0, 0, 0, 0]
a185@[1, -1, -1, 1, 1, -1, 1, 1, 1, 1, 1, 1, -1, 1, 1, -1, -1, 1, -1, -1, -1, 1, -1, 1, 1]@[0, 1, 1, 0, 0, 0, 0, -1, -1, -1, 0, 0, 0, -1, 0, 1, 0, 0, 1, 0, 1, -1, 0, 0, 0]
a186@[1, 1, -1, -1, -1, 1, 1, -1, -1, -1, 1, 1, -1, 1, 1, 1, 1, 1, 1, 1, 1, -1, 1, -1, 1]@[0, 0, 0, 0, 1, 0, 0, 0, 0, 0, 0, 0, 0, 0, 0, 0, 0, 0, 0, 0, 0, 0, 0, 0, 0]
a187@[-1, -1, 1, 1, -1, -1, -1, 1, 1, 1, -1, -1, 1, -1, -1, -1, -1, -1, -1, -1, -1, 1, -1, 1, -1]@[0, 0, 0, 0, 0, 1, 0, 0, 0, 0, 0, 0, 0, 0, 0, 0, 0, 0, 0, 0, 0, 0, 1, -1, 0]
a188@[1, -1, 1, 1, 1, -1, 0, 1, 1, 1, 1, 0, 0, -1, -1, -1, -1, 1, -1, -1, -1, 1, -1, 1, 0]@[0, 0, -1, 0, 0, 0, 0, 0, 0, 0, 0, 0, 0, 0, 1, 0, 0, 0, 0, 0, 0, 0, 0, 0, 0]
a189@[1, 1, -1, -1, 1, 1, 1, -1, -1, -1, 1, 1, 1, 1, 1, 1, 1, 1, 1, 1, 1, -1, 1, -1, 1]@[0, 0, 0, 0, -1, 0, 0, 0, 0, 0, 0, 0, 0, 0, 0, 0, 0, -1, 0, 0, 0, 0, 0, 0, -1]
a190@[1, 1, 1, -1, -1, 1, -1, -1, -1, -1, 1, -1, 1, 1, 1, 1, 1, 1, 1, 1, 1, 1, 1, 1, -1]@[0, 0, 0, 0, 1, 0, 0, 0, 0, 0, 0, 0, 0, -1, -1, 0, 0, 0, 0, 0, 0, 0, 0, 0, 0]
a191@[1, -1, 1, 1, 1, -1, -1, 1, 1, 1, -1, -1, 1, -1, -1, -1, -1, -1, -1, -1, -1, 1, -1, 1, -1]@[-1, 1, 0, -1, -1, 1, 0, -1, -1, -1, 0, 0, 0, 0, 0, 1, 1, 0, 0, 1, 0, 0, 1, -1, 0]
a192@[-1, 1, 1, -1, -1, 1, -1, -1, -1, -1, -1, -1, 1, 1, -1, 1, 1, -1, 1, 1, 1, 1, 1, -1, -1]@[1, 0, 0, 0, 0, 0, 0, 0, 0, 0, 1, 0, 0, -1, 1, 0, 0, 1, 0, 0, 0, 0, 0, 1, 0]
a193@[1, 1, 1, -1, -1, 1, 1, -1, -1, -1, 1, 1, -1, 1, 1, 1, 1, -1, 1, 1, 1, -1, 1, -1, 1]@[0, 0, 0, 0, 1, 0, 0, 0, 0, 0, 0, 0, 0, 0, 0, 0, -1, 1, 0, 0, 0, 0, 0, 1, 0]
a194@[1, 1, 1, -1, 1, -1, -1, -1, -1, 1, 1, -1, -1, -1, 1, 1, -1, 1, -1, 1, -1, 1, 1, 1, -1]@[0, 0, 0, 0, 0, 0, 0, 0, 0, 0, 0, 0, 0, 0, -1, 0, 0, 0, 0, 0, 0, 0, 0, 0, 1]
a195@[1, -1, -1, 1, 1, -1, 1, 1, 1, 1, 1, 1, -1, 1, 1, -1, -1, 1, 1, -1, -1, -1, -1, 1, 1]@[0, 0, 0, 0, 0, 0, 0, 0, 0, 0, 0, 0, 0, 0, 0, 0, 0, 0, -1, 0, 0, 1, 0, 0, 0]
a196@[1, 1, 1, 1, 1, -1, 1, 1, -1, -1, 1, 1, -1, -1, 1, 1, -1, 1, 1, 1, 1, -1, -1, 1, 1]@[0, 0, -1, 0, 0, 0, 0, 0, 0, 0, 0, 0, 0, 1, 0, 0, 0, 0, 0, -1, 0, 0, 0, 0, 0]
a197@[1, 1, 1, -1, 1, 1, -1, -1, -1, 0, 1, -1, 1, -1, -1, 1, 1, 1, 0, 1, 0, 1, 1, 1, -1]@[0, 0, 0, 0, -1, 0, 0, 0, 0, 0, 0, 0, 0, 0, 1, 0, 0, 0, 0, 0, 0, 0, 0, 0, 0]
a198@[-1, 1, 1, -1, -1, 1, -1, -1, -1, -1, -1, -1, 1, -1, -1, 1, 1, 1, 1, 1, 1, 1, 1, 1, -1]@[0, 0, -1, 0, 0, 0, 0, 0, 0, 0, 0, 0, 0, 1, 0, 0, 0, -1, 0, 0, 0, 0, 0, -1, 0]
a199@[1, -1, 1, 1, 1, -1, 1, 1, 1, 1, 1, 1, -1, -1, 1, -1, -1, 1, -1, -1, -1, 1, -1, 1, 1]@[0, 1, -1, 0, 0, 0, 0, 0, -1, -1, 0, 0, 0, 1, 0, 1, 0, 0, 1, 0, 1, -1, 0, 0, 0]
a200@[0, -1, 1, 1, 1, -1, -1, 1, 1, 1, -1, -1, 0, -1, -1, -1, -1, -1, -1, -1, -1, 1, -1, 1, -1]@[0, 0, 0, 0, 0, 0, 0, 0, 0, 0, 0, 0, 0, 0, 0, 1, 0, 1, 0, 0, 0, 0, 1, 0, 0]
a201@[1, 1, -1, -1, 1, -1, 1, 1, -1, -1, 1, 1, -1, 1, 1, 1, -1, 1, 1, 1, 1, -1, 1, 1, 1]@[0, -1, 1, 1, 0, 0, -1, 0, 1, 1, 0, -1, 0, -1, 0, -1, 0, 0, -1, -1, -1, 1, -1, 0, -1]
a202@[1, 1, 1, -1, -1, 1, 1, -1, -1, -1, 1, 1, -1, 1, 1, 1, 1, -1, 1, 1, 1, -1, 1, -1, 1]@[0, 0, -1, 0, 1, 0, 0, 0, 0, 0, 0, 0, 0, -1, 0, 0, -1, 1, 0, 0, 0, 0, 0, 1, 0]
a203@[-1, 1, -1, -1, -1, 1, -1, -1, -1, -1, 1, 1, 1, 1, 1, 1, 1, -1, 1, 1, 1, -1, 1, -1, -1]@[0, 0, 0, 0, 0, 0, 1, 0, 0, 0, 0, 0, 0, 0, 0, 0, 0, 0, 0, 0, 0, 0, 0, 0, 1]
a204@[1, 1, 1, -1, 1, 1, -1, -1, -1, 1, 1, -1, 1, -1, -1, 1, 1, 1, -1, 1, -1, 1, 1, 1, -1]@[-1, 0, -1, 0, -1, 0, 0, 0, 0, -1, -1, 0, 0, 1, 0, 0, 0, -1, 0, 0, 0, -1, 0, -1, 0]
a205@[-1, -1, 1, -1, -1, 1, -1, -1, 1, 1, -1, -1, 1, -1, -1, 1, 1, -1, -1, 1, -1, 1, 1, -1, -1]@[0, 0, 0, 0, 0, 0, 0, 0, 0, -1, 0, 0, 0, 1, 0, 0, 0, 0, 0, 0, 0, 0, 0, 0, 0]
a206@[1, -1, 1, 1, 1, -1, 0, 1, 1, 1, 1, 0, -1, -1, -1, -1, -1, 1, -1, -1, -1, 1, -1, 1, 0]@[0, 0, 0, 0, 0, 0, 0, 0, -1, 0, 0, 0, 0, 0, 1, 0, 0, 0, 0, 0, 0, 0, 0, 0, 0]
a207@[-1, 1, -1, -1, -1, 1, -1, -1, -1, -1, -1, 1, 1, 1, 1, 1, 1, -1, 1, 1, 1, -1, 1, -1, -1]@[1, 0, 0, 0, 0, 0, 1, 0, 0, 0, 1, 0, 0, 0, 0, 0, 0, 0, 0, 0, 0, 0, 0, 0, 1]
a208@[1, -1, -1, 1, 1, -1, 1, 1, 1, 1, 1, 1, -1, -1, 1, -1, -1, 1, -1, -1, -1, 1, -1, 1, 1]@[0, 0, 1, 0, 0, 0, 0, 0, -1, 0, 0, 0, 0, 0, 0, 0, 0, 0, 0, 0, 0, 0, 0, 0, 0]
a209@[1, -1, 1, 1, 1, -1, -1, 1, -1, 1, 1, -1, -1, -1, 1, -1, -1, 1, -1, -1, -1, 1, -1, 1, -1]@[0, 0, 0, 0, 0, 0, 0, 0, 1, 0, 0, 0, 0, 0, 0, 0, 0, 0, 0, 0, 0, 0, 0, 0, 1]
a210@[1, 1, 1, -1, 1, 1, -1, -1, -1, 1, 1, -1, 1, -1, 1, 1, 1, 1, -1, 1, -1, 1, 1, 1, -1]@[-1, 0, 0, 0, -1, 0, 0, 0, 0, -1, -1, 0, 0, 1, -1, 0, 0, -1, 0, 0, 0, 0, 0, -1, 0]
a211@[-1, 1, -1, -1, -1, 1, -1, -1, -1, -1, -1, -1, 1, 1, -1, 1, 1, -1, -1, 1, -1, 1, 1, -1, -1]@[1, 0, 1, 0, 1, 0, 0, 0, 0, 1, 1, 0, 0, -1, 1, 0, 0, 1, 0, 0, 0, 0, 0, 1, 0]
a212@[-1, 1, 1, -1, -1, 1, -1, -1, -1, -1, -1, -1, 1, 1, -1, 1, 1, -1, -1, 1, -1, 1, 1, -1, -1]@[1, 0, 0, 0, 1, 0, 0, 0, 0, 1, 1, 0, 0, -1, 1, 0, 0, 1, 0, 0, 0, -1, 0, 1, 0]
a213@[1, -1, 1, 1, 1, -1, 0, 1, -1, 1, 1, 0, -1, -1, 1, -1, -1, 1, -1, -1, -1, 1, -1, 1, 0]@[0, 0, 0, 0, 0, 0, 0, 0, 1, 0, 0, 0, 0, 0, 0, 0, 0, 0, 0, 0, 0, 0, 0, 0, 0]
a214@[0, 0, 0, 0, 0, 0, 0, 0, 0, 0, 0, 0, 0, 0, 0, 0, 0, -1, 0, 0, 0, 0, 0, 0, 0]@[0, 0, 0, 0, 0, 0, 0, 0, 0, 0, 0, 0, 0, 0, 0, 0, 0, 1, 0, 0, 0, 0, 0, 0, 0]
a215@[1, 1, 1, -1, 1, 1, 1, -1, -1, -1, 1, 1, -1, -1, 1, 1, 1, 1, 1, 1, 1, -1, 1, 1, 1]@[0, 0, -1, 0, 0, 0, 0, 0, 0, 0, 0, 0, 0, 1, 0, 0, -1, 0, 0, 0, 0, 0, 0, 0, 0]
a216@[1, 1, -1, 1, 1, -1, 1, -1, -1, -1, 1, 1, -1, 1, 1, 1, -1, 1, 1, 1, 1, -1, -1, 1, 1]@[0, 0, 1, 0, 0, 0, 0, 0, 0, 0, 0, 0, 0, -1, 0, 0, 0, 0, 0, -1, 0, 0, 0, 0, 0]
a217@[1, 1, 1, -1, 1, 0, 1, -1, -1, -1, 1, 1, -1, -1, 1, 1, -1, 1, 1, 1, 1, -1, 1, 1, 1]@[0, 0, -1, 0, -1, 0, 0, 0, 0, 0, 0, 0, 0, 1, 0, 0, 1, -1, 0, 0, 0, 0, 0, -1, 0]
a218@[-1, 1, -1, -1, -1, 1, -1, -1, -1, -1, -1, 0, 1, 1, -1, 1, 1, -1, 0, 1, 0, -1, 1, -1, -1]@[0, 0, 0, 0, 0, 0, 0, 0, 0, 0, 1, 0, 0, 0, 1, 0, 0, 0, 0, 0, 0, 0, 0, 0, 0]
a219@[1, 1, 1, 0, 1, 0, 1, -1, -1, -1, 1, 1, -1, -1, 1, 1, -1, 1, 1, 0, 1, -1, 0, 1, 1]@[0, 0, -1, 0, 0, 0, 0, 1, 0, 0, 0, 0, 0, 1, 0, 0, 0, 0, 0, 0, 0, 0, 0, 0, 0]
a220@[1, -1, 1, 1, 1, -1, -1, 1, -1, 1, 1, -1, -1, -1, 1, 1, -1, 1, -1, -1, -1, 1, -1, 1, 1]@[0, 0, 0, 0, 0, 0, 0, 0, 1, 0, 0, 0, 0, 0, 0, -1, 0, 0, 0, 0, 0, 0, 0, 0, -1]
a221@[1, 1, -1, -1, 1, -1, 1, -1, -1, -1, 1, 1, -1, 1, 1, 1, -1, 1, 1, 1, 1, -1, -1, 1, 1]@[0, 0, 1, 0, 0, 0, 0, 0, 0, 0, 0, 0, 0, -1, 0, 0, 0, 0, 0, 0, 0, 0, 1, 0, 0]
a222@[1, 1, -1, -1, 1, -1, 1, 1, -1, -1, 1, 1, -1, 1, 1, 1, -1, 1, 1, 1, 1, -1, -1, 1, 1]@[0, -1, 1, 1, 0, 0, -1, 0, 1, 1, 0, -1, 0, -1, 0, -1, 0, 0, -1, -1, -1, 1, 0, 0, -1]
a223@[-1, 0, 1, -1, -1, 1, -1, -1, 0, 0, -1, -1, 1, 1, -1, 1, 1, -1, 0, 1, 0, 1, 1, -1, -1]@[0, 0, 0, 0, 0, 0, 0, 0, 0, 0, 0, 0, 0, -1, 0, 0, 0, 0, 0, 0, 0, 0, 0, 0, 0]
a224@[-1, 1, -1, -1, -1, 1, -1, -1, -1, -1, 1, -1, 1, 1, 1, 1, 1, -1, 1, 1, 1, -1, 1, -1, -1]@[0, 0, 1, 0, 0, 0, 0, 0, 0, 0, -1, 0, 0, -1, -1, 0, 0, 1, 0, 0, 0, 1, 0, 0, 0]
a225@[1, 1, -1, -1, 1, 1, 1, -1, -1, -1, 1, 1, -1, 1, 1, 1, -1, 1, 1, 1, 1, -1, 1, 1, 1]@[0, 0, 1, 0, 0, 0, 0, 0, 0, 0, 0, 0, 0, -1, 0, 0, 1, 0, 0, 0, 0, 1, 0, 0, -1]
a226@[-1, -1, 1, 1, 1, -1, -1, 1, 1, 1, -1, -1, 1, -1, -1, 1, -1, 1, -1, -1, -1, 1, 1, 1, -1]@[0, 0, 0, 0, -1, 1, 0, 0, 0, 0, 0, 0, 0, 0, 0, -1, 0, -1, 0, 0, 0, 0, 0, -1, 0]
a227@[1, 1, 1, -1, 1, 0, 0, -1, -1, 0, 1, 0, 0, -1, -1, 1, -1, 1, 0, 1, 0, 1, 1, 1, 0]@[0, 0, 0, 0, 0, 0, 0, 0, 0, 0, 0, 0, 0, 0, 1, 0, 1, 0, 0, 0, 0, 0, 0, 0, 0]
a228@[1, 1, -1, -1, 1, 0, 1, 1, -1, -1, 1, 1, -1, 1, 1, 1, -1, 1, 1, 1, 1, -1, 1, 1, 1]@[0, 0, 0, 0, 0, 0, 0, -1, 0, 0, 0, 0, 0, 0, 0, 0, 0, 0, 0, 0, 0, 0, 0, 0, 0]
a229@[-1, 1, 1, -1, -1, 1, -1, -1, -1, 1, -1, -1, 1, -1, -1, 1, 1, 1, -1, 1, -1, 1, 1, 1, -1]@[0, 0, 0, 0, 0, 0, 0, 0, 0, -1, 0, 0, 0, 0, 0, 0, 0, -1, 0, 0, 0, 0, 0, -1, 0]
a230@[1, 1, 1, -1, 1, 1, -1, -1, -1, -1, 1, -1, 1, -1, 1, 1, 1, 1, 1, 1, 1, 1, 1, -1, -1]@[-1, 0, 0, 0, -1, 0, 0, 0, 0, 0, -1, 0, 0, 1, -1, 0, 0, -1, 0, 0, 0, 0, 0, 0, 0]
a231@[1, -1, 1, 1, 1, -1, -1, 1, -1, 1, 1, -1, -1, -1, 1, -1, -1, 1, -1, -1, -1, 1, -1, 1, 1]@[0, 0, 0, 0, 0, 0, 0, 0, 1, 0, 0, 0, 0, 0, -1, 0, 0, 0, 0, 0, 0, 0, 0, 0, -1]
a232@[1, 1, -1, -1, -1, 1, 1, -1, -1, -1, 1, 1, -1, 1, 1, 1, 1, -1, 1, 1, 1, -1, 1, -1, 1]@[-1, 0, 0, 0, 0, 0, -1, 0, 0, 0, -1, -1, 1, 0, 0, 0, 0, 0, 0, 0, 0, 0, 0, 0, -1]
a233@[1, 1, 1, -1, 1, 1, 1, -1, -1, -1, 1, 1, -1, -1, -1, 1, -1, 1, 1, 1, 1, 1, 1, 1, 1]@[0, 0, 0, 0, 0, 0, 0, 0, 0, 0, 0, 0, 0, 0, 1, 0, 1, 0, 0, 0, 0, -1, 0, 0, 0]
a234@[-1, 1, 1, -1, -1, 1, -1, -1, -1, -1, -1, -1, 1, -1, -1, 1, 1, -1, 1, 1, 1, 1, 1, -1, -1]@[1, -1, 0, 1, 1, -1, 0, 1, 1, 1, 0, 0, -1, 0, 0, -1, -1, 0, -1, -1, -1, 0, -1, 1, 0]
a235@[-1, 1, -1, -1, -1, 1, 0, -1, -1, -1, -1, 0, 1, 1, 1, 1, 1, -1, 0, 1, 0, -1, 1, -1, 0]@[0, 0, 0, 0, 0, 0, 0, 0, 0, 0, 1, 0, 0, 0, 0, 0, 0, 0, 0, 0, 0, 0, 0, 0, 0]
a236@[1, 1, -1, -1, 1, 0, 1, -1, -1, -1, 1, 1, -1, 1, 1, 1, 1, 1, 1, 1, 1, -1, 1, -1, 1]@[0, 0, 1, 0, -1, 0, 0, 0, 0, 0, 0, 0, 0, 0, 0, 0, 0, -1, 0, 0, 0, 0, 0, 0, 0]
a237@[1, 1, 1, -1, 1, 0, -1, -1, -1, 0, 1, -1, 1, -1, -1, 1, 1, 1, 0, 1, 0, 1, 1, 1, -1]@[0, 0, 0, 0, 0, 0, 0, 0, 0, 0, 0, 0, 0, 0, 1, 0, -1, 0, 0, 0, 0, 0, 0, 0, 0]
a238@[1, 1, 1, -1, -1, 1, 1, -1, -1, -1, 1, 1, -1, 1, 1, 1, 1, 1, 1, 1, 1, -1, 1, -1, 1]@[0, 0, 0, 0, 1, 0, 0, 0, 0, 0, 0, 0, 0, -1, 0, 0, -1, 0, 0, 0, 0, 0, 0, 1, 0]
a239@[1, 1, 1, -1, 1, -1, -1, -1, -1, 1, 1, -1, -1, -1, 1, 1, 1, 1, -1, 1, -1, 1, 1, 1, -1]@[0, 0, -1, 1, 0, 0, 1, 0, 0, -1, 0, 1, 0, 1, 0, 0, -1, 0, 1, 0, 1, -1, -1, 0, 1]
a240@[1, -1, 1, 1, 1, -1, -1, 1, 1, 1, -1, -1, -1, -1, -1, -1, -1, 1, -1, -1, -1, 1, -1, 1, -1]@[0, 1, 0, -1, 0, 0, 0, -1, -1, 0, 1, 0, 0, 0, 1, 1, 0, 0, 0, 1, 0, 0, 1, 0, 1]
a241@[0, -1, 1, 1, 1, -1, -1, 1, 1, 1, -1, -1, 0, -1, -1, 1, -1, 1, -1, -1, -1, 1, 1, 1, -1]@[0, 0, 0, 0, 0, 0, 0, 0, 0, 0, 0, 0, 0, 0, 0, -1, 0, 0, 0, 0, 0, 0, -1, 0, 0]
a242@[1, 1, -1, -1, 1, -1, 1, -1, -1, -1, 1, 1, -1, 1, 1, 1, -1, 1, 1, 1, 1, -1, 1, -1, 1]@[0, 0, 1, 0, 0, 0, 0, 0, 0, 0, 0, 0, 0, -1, 0, 0, 1, 0, 0, 0, 0, 1, 0, 1, 0]
a243@[-1, 1, 1, -1, -1, 1, -1, -1, -1, -1, -1, -1, 1, -1, -1, 1, 1, -1, -1, 1, -1, 1, 1, -1, -1]@[0, 0, 0, 0, 0, 0, 0, 0, 0, 1, 0, 0, 0, 0, 0, 0, 0, 1, 0, 0, 0, 0, 0, 1, 0]
a244@[1, 1, -1, -1, -1, 1, 1, -1, -1, -1, 1, 1, 1, 1, 1, 1, 1, -1, 1, 1, 1, -1, 1, -1, -1]@[0, 0, 0, 0, 1, 0, 0, 0, 0, 0, 0, 0, 0, 0, 0, 0, 0, 1, 0, 0, 0, 0, 0, 0, 1]
a245@[1, 1, -1, -1, 1, -1, 1, 1, -1, -1, 1, 1, -1, 1, 1, 1, -1, 1, 1, -1, 1, -1, 1, 1, 1]@[0, -1, 1, 1, 0, 0, -1, 0, 1, 1, 0, -1, 0, -1, 0, -1, 0, 0, -1, 0, -1, 1, -1, 0, -1]
a246@[1, 1, 1, -1, 1, -1, 1, -1, -1, -1, 1, 1, -1, 1, 1, 1, 1, 1, 1, 1, 1, 1, 1, 1, 1]@[0, 0, 0, 0, 0, 0, 0, 0, 0, 0, 0, 0, 0, -1, -1, 0, -1, 0, 0, 0, 0, 0, 0, 0, 0]
a247@[1, 1, -1, 1, 1, -1, 1, 1, -1, -1, 1, 1, -1, 1, 1, 1, -1, 1, 1, -1, 1, -1, -1, 1, 1]@[0, -1, 0, 0, 0, 0, 0, 0, 1, 1, 0, 0, 0, -1, 0, -1, 0, 0, -1, 0, -1, 1, 0, 0, 0]
a248@[1, 1, -1, -1, 1, 1, 1, -1, -1, -1, 1, 1, -1, 1, 1, 1, 1, 1, 1, 1, 1, -1, 1, -1, 1]@[0, 0, 1, 0, -1, 0, 0, 0, 0, 0, 0, 0, 0, 0, 0, 0, 0, 0, 0, 0, 0, 0, 0, 0, 0]
a249@[1, 1, -1, -1, 1, 0, 1, -1, -1, -1, 1, 1, 0, 1, 1, 1, 1, 1, 1, 1, 1, -1, 1, -1, 1]@[0, 0, 0, 0, -1, 0, 0, 0, 0, 0, 0, 0, 0, 0, 0, 0, 0, -1, 0, 0, 0, 0, 0, 0, 0]
a250@[1, 1, 1, -1, -1, 1, 1, -1, -1, -1, 1, 1, -1, 1, 1, 1, 1, 1, 1, 1, 1, -1, 1, -1, 1]@[0, 0, -1, 0, 0, 0, 0, 0, 0, 0, 0, 0, 0, 0, 0, 0, 0, -1, 0, 0, 0, 0, 0, 0, 0]
a251@[-1, -1, 1, 1, 1, -1, -1, 1, 1, 1, -1, -1, 1, -1, -1, -1, -1, -1, -1, -1, -1, 1, -1, 1, -1]@[0, 0, 0, -1, -1, 1, 0, -1, 0, 0, 0, 0, 0, 0, 0, 1, 1, 0, 0, 1, 0, 0, 1, -1, 0]
a252@[1, 1, 1, 0, 1, 0, 1, -1, -1, -1, 1, 1, -1, -1, 1, 1, -1, 1, 1, 1, 1, -1, 0, 1, 1]@[0, 0, -1, 0, 0, 0, 0, 0, 0, 0, 0, 0, 0, 1, 0, 0, 0, 0, 0, 0, 0, 0, 0, 0, 0]
a253@[1, 1, 1, -1, 1, 1, -1, -1, -1, 1, 1, -1, 1, -1, -1, 1, 1, 1, -1, 1, -1, 1, 1, 1, -1]@[0, 0, 0, 0, 0, 0, 0, 0, 0, 0, 0, 0, 0, 0, 1, 0, 0, 0, 0, 0, 0, -1, 0, 0, 0]
a254@[-1, 1, -1, -1, -1, 1, 1, -1, -1, -1, -1, 1, 1, 1, 1, 1, 1, -1, 1, 1, 1, -1, 1, -1, -1]@[0, 0, 0, 0, 0, 0, 0, 0, 0, 0, 1, 0, 0, 0, 0, 0, 0, 0, 0, 0, 0, 0, 0, 0, 1]
a255@[1, 1, 1, 0, 1, 0, 1, -1, -1, -1, 1, 1, -1, -1, 1, 1, -1, 1, 1, 1, 1, -1, 0, 1, 1]@[0, 0, -1, 0, 0, 0, 0, 1, 0, 0, 0, 0, 0, 1, 0, 0, 0, 0, 0, -1, 0, 0, 0, 0, 0]
a256@[1, -1, -1, 1, 1, -1, -1, 1, 1, 1, 1, -1, 1, -1, 1, -1, -1, 1, -1, -1, -1, 1, -1, 1, -1]@[0, 0, 1, 0, 0, 0, 0, 0, -1, 0, 0, 0, 0, 0, 0, 1, 0, 0, 0, 0, 0, 0, 0, 0, 0]
a257@[1, 1, -1, -1, -1, 1, 1, -1, -1, -1, 1, 1, 1, 1, 1, 1, 1, -1, 1, 1, 1, -1, 1, -1, 1]@[-1, 0, 0, 0, 0, 0, 0, 0, 0, 0, -1, 0, 0, 0, 0, 0, 0, 0, 0, 0, 0, 0, 0, 0, -1]
a258@[1, 1, 1, -1, 1, 0, 1, -1, -1, -1, 1, 1, -1, -1, 1, 1, -1, 1, 1, 1, 1, 1, 1, 1, 1]@[0, 0, -1, 0, 0, 0, 0, 0, 0, 0, 0, 0, 0, 1, 0, 0, 1, 0, 0, 0, 0, -1, 0, -1, 0]
a259@[1, 1, 1, -1, 1, -1, -1, -1, -1, 1, 1, -1, 1, -1, 1, 1, 1, 1, -1, 1, -1, 1, 1, 1, -1]@[-1, -1, 0, 0, -1, 1, 0, 0, 1, -1, -1, 0, 0, 1, -1, 0, 0, -1, 0, 0, 0, 0, 0, -1, 0]
a260@[1, 1, -1, -1, -1, 1, 1, -1, -1, -1, 1, 1, 1, 1, 1, 1, 1, -1, 1, 1, 1, -1, 1, -1, -1]@[-1, 0, 0, 0, 0, 0, 0, 0, 0, 0, -1, 0, 0, 0, 0, 0, 0, 0, 0, 0, 0, 0, 0, 0, 0]
a261@[1, 1, -1, -1, -1, 1, 1, -1, -1, -1, 1, 1, 1, 1, 1, 1, 1, 1, 1, 1, 1, -1, 1, -1, 1]@[0, 0, 1, 0, 1, 0, -1, 0, 0, 0, 0, -1, 0, -1, 0, 0, -1, 0, 0, 0, 0, 1, 0, 1, -1]
a262@[1, 1, 1, -1, 1, -1, -1, -1, -1, 1, 1, -1, 1, -1, -1, 1, 1, 1, -1, 1, -1, 1, 1, 1, -1]@[0, -1, 0, 1, 0, 0, 0, 1, 1, 0, 0, 0, 0, 0, 0, -1, -1, 0, 0, -1, 0, 0, -1, 0, 0]
